{
    "$schema": "https://melvoridle.com/assets/schema/gameData.json",
    "modifications": {
        "items": [
            {
                "id": "melvorD:Air_Battlestaff",
                "occupiesSlots": {
                    "remove": [
                        "Shield"
                    ]
                },
                "providedRunes": {
                    "remove": [
                        "melvorD:Air_Rune"
                    ],
                    "add": [
                        {
                            "id": "melvorD:Air_Rune",
                            "quantity": 100
                        }
                    ]
                }
            },
            {
                "id": "melvorD:Water_Battlestaff",
                "occupiesSlots": {
                    "remove": [
                        "Shield"
                    ]
                },
                "providedRunes": {
                    "remove": [
                        "melvorD:Water_Rune"
                    ],
                    "add": [
                        {
                            "id": "melvorD:Water_Rune",
                            "quantity": 100
                        }
                    ]
                }
            },
            {
                "id": "melvorD:Earth_Battlestaff",
                "occupiesSlots": {
                    "remove": [
                        "Shield"
                    ]
                },
                "providedRunes": {
                    "remove": [
                        "melvorD:Earth_Rune"
                    ],
                    "add": [
                        {
                            "id": "melvorD:Earth_Rune",
                            "quantity": 100
                        }
                    ]
                }
            },
            {
                "id": "melvorD:Fire_Battlestaff",
                "occupiesSlots": {
                    "remove": [
                        "Shield"
                    ]
                },
                "providedRunes": {
                    "remove": [
                        "melvorD:Fire_Rune"
                    ],
                    "add": [
                        {
                            "id": "melvorD:Fire_Rune",
                            "quantity": 100
                        }
                    ]
                }
            }
        ]
    }
}