{
    "$schema": "https://melvoridle.com/assets/schema/gameData.json",
    "data": {
        "items": [
            {
                "id": "Mystic_Steam_Staff",
                "name": "Mystic Steam Staff",
                "media": "changes/new_objects/mystic_steam_staff/mystic_steam_staff.png",
                "customDescription": "Provides unlimited Water, Fire and Steam Runes when equipped as a Weapon.",
                "providedRunes": [
                    {
                        "id": "melvorD:Water_Rune",
                        "quantity": 100
                    },
                    {
                        "id": "melvorD:Fire_Rune",
                        "quantity": 100
                    },
                    {
                        "id": "melvorF:Steam_Rune",
                        "quantity": 100
                    }
                ],
                "category": "Combat",
                "type": "Magic Staff",
                "ignoreCompletion": false,
                "obtainFromItemLog": false,
                "golbinRaidExclusive": false,
                "sellsFor": 6900,
                "tier": "staff",
                "validSlots": [
                    "Weapon"
                ],
                "occupiesSlots": [],
                "equipRequirements": [
                    {
                        "type": "SkillLevel",
                        "skillID": "melvorD:Magic",
                        "level": 40
                    }
                ],
                "equipmentStats": [
                    {
                        "key": "attackSpeed",
                        "value": 3000
                    },
                    {
                        "key": "magicAttackBonus",
                        "value": 23
                    },
                    {
                        "key": "magicDamageBonus",
                        "value": 20
                    },
                    {
                        "key": "meleeDefenceBonus",
                        "value": 3
                    },
                    {
                        "key": "magicDefenceBonus",
                        "value": 23
                    }
                ],
                "itemType": "Weapon",
                "attackType": "magic"
            }
        ],
        "skillData": [
            {
                "skillID": "melvorD:Runecrafting",
                "data": {
                    "recipes": [
                        {
                            "id": "Mystic_Steam_Staff",
                            "productID": "flambda:Mystic_Steam_Staff",
                            "itemCosts": [
                                {
                                    "id": "flambda:Steam_Battlestaff",
                                    "quantity": 10
                                },
                                {
                                    "id": "melvorD:Magic_Logs",
                                    "quantity": 1
                                },
                                {
                                    "id": "melvorF:Steam_Rune",
                                    "quantity": 200
                                }
                            ],
                            "level": 84,
                            "baseExperience": 102,
                            "baseQuantity": 1,
                            "categoryID": "melvorF:StavesWands",
                            "currencyCosts": []
                        }
                    ]
                }
            }
        ]
    }
}