{
    "$schema": "https://melvoridle.com/assets/schema/gameData.json",
    "data": {
        "items": [
            {
                "id": "Steam_Imbued_Wand",
                "name": "Steam Imbued Wand",
                "media": "changes/new_objects/imbued_wand_steam/steam_imbued_wand.png",
                "customDescription": "Provides unlimited Water, Fire and Steam Runes when equipped as a Weapon.",
                "providedRunes": [
                    {
                        "id": "melvorD:Water_Rune",
                        "quantity": 100
                    },
                    {
                        "id": "melvorD:Fire_Rune",
                        "quantity": 100
                    },
                    {
                        "id": "melvorF:Steam_Rune",
                        "quantity": 100
                    }
                ],
                "category": "Combat",
                "type": "Magic Wand",
                "ignoreCompletion": false,
                "obtainFromItemLog": false,
                "golbinRaidExclusive": false,
                "sellsFor": 135000,
                "tier": "wand",
                "validSlots": [
                    "Weapon"
                ],
                "occupiesSlots": [],
                "equipRequirements": [
                    {
                        "type": "SkillLevel",
                        "skillID": "melvorD:Magic",
                        "level": 70
                    }
                ],
                "equipmentStats": [
                    {
                        "key": "attackSpeed",
                        "value": 2600
                    },
                    {
                        "key": "magicAttackBonus",
                        "value": 32
                    },
                    {
                        "key": "magicDamageBonus",
                        "value": 18
                    },
                    {
                        "key": "magicDefenceBonus",
                        "value": 32
                    }
                ],
                "specialAttacks": [
                    "melvorD:BruteForce"
                ],
                "itemType": "Weapon",
                "attackType": "magic"
            }
        ],
        "skillData": [
            {
                "skillID": "melvorD:Runecrafting",
                "data": {
                    "recipes": [
                        {
                            "id": "Steam_Imbued_Wand",
                            "productID": "flambdaOsrsElementalWeapons:Steam_Imbued_Wand",
                            "itemCosts": [
                                {
                                    "id": "melvorD:Magic_Wand_Elite",
                                    "quantity": 1
                                },
                                {
                                    "id": "melvorF:Steam_Rune",
                                    "quantity": 2000
                                },
                                {
                                    "id": "melvorF:Nature_Rune",
                                    "quantity": 40
                                }
                            ],
                            "level": 95,
                            "baseExperience": 475,
                            "baseQuantity": 1,
                            "categoryID": "melvorF:StavesWands",
                            "currencyCosts": []
                        }
                    ]
                }
            }
        ]
    }
}