{
    "$schema": "https://melvoridle.com/assets/schema/gameData.json",
    "data": {
        "items": [
            {
                "id": "Dust_Battlestaff",
                "name": "Dust Battlestaff",
                "media": "changes/new_objects/battlestaff_dust/dust_battlestaff.png",
                "customDescription": "Provides unlimited Air, Earth and Dust Runes when equipped as a Weapon.",
                "providedRunes": [
                    {
                        "id": "melvorD:Air_Rune",
                        "quantity": 100
                    },
                    {
                        "id": "melvorD:Earth_Rune",
                        "quantity": 100
                    },
                    {
                        "id": "melvorD:Dust_Rune",
                        "quantity": 100
                    }
                ],
                "category": "Combat",
                "type": "Magic Staff",
                "ignoreCompletion": false,
                "obtainFromItemLog": false,
                "golbinRaidExclusive": false,
                "sellsFor": 730,
                "tier": "staff",
                "validSlots": [
                    "Weapon"
                ],
                "occupiesSlots": [],
                "equipRequirements": [
                    {
                        "type": "SkillLevel",
                        "skillID": "melvorD:Magic",
                        "level": 30
                    }
                ],
                "equipmentStats": [
                    {
                        "key": "attackSpeed",
                        "value": 3000
                    },
                    {
                        "key": "magicAttackBonus",
                        "value": 15
                    },
                    {
                        "key": "meleeDefenceBonus",
                        "value": 3
                    },
                    {
                        "key": "magicDefenceBonus",
                        "value": 15
                    },
                    {
                        "key": "magicDamageBonus",
                        "value": 10
                    }
                ],
                "itemType": "Weapon",
                "attackType": "magic"
            }
        ],
        "skillData": [
            {
                "skillID": "melvorD:Runecrafting",
                "data": {
                    "recipes": [
                        {
                            "id": "Dust_Battlestaff",
                            "productID": "flambdaOsrsElementalWeapons:Dust_Battlestaff",
                            "level": 39,
                            "baseExperience": 47,
                            "itemCosts": [
                                {
                                    "id": "melvorF:Staff_of_Air",
                                    "quantity": 10
                                },
                                {
                                    "id": "melvorF:Staff_of_Earth",
                                    "quantity": 10
                                },
                                {
                                    "id": "melvorD:Maple_Logs",
                                    "quantity": 1
                                },
                                {
                                    "id": "melvorD:Dust_Rune",
                                    "quantity": 200
                                }
                            ],
                            "baseQuantity": 1,
                            "categoryID": "melvorF:StavesWands",
                            "currencyCosts": []
                        }
                    ]
                }
            }
        ]
    }
}